<?xml version="1.0" encoding="UTF-8"?>
<metadata xml:lang="en"><Esri><CreaDate>20160527</CreaDate><CreaTime>14502600</CreaTime><ArcGISFormat>1.0</ArcGISFormat><SyncOnce>FALSE</SyncOnce><DataProperties><lineage><Process ToolSource="C:\Program Files (x86)\ArcGIS\Desktop10.0\ArcToolbox\Toolboxes\Data Management Tools.tbx\CalculateField" Date="20140909" Time="134408">CalculateField ARBK_Regional_Faults_Over_2Mile_Final CHK_Source "Arbuckle_Cook" VB #</Process><Process ToolSource="C:\Program Files (x86)\ArcGIS\Desktop10.0\ArcToolbox\Toolboxes\Data Management Tools.tbx\Merge" Date="20140909" Time="152354">Merge 'W:\geodata2\GeophysicalFiles\OK Basement Fault Project\OKBasementFaults.gdb\ARBK_Regional_Faults_Over_2Mile_Final_UTM' "W:\geodata2\GeophysicalFiles\OK Basement Fault Project\ARBK_Regional_Faults_Over_2Mile_FINAL_UTM.shp" "SLIPSENSE "SLIPSENSE" true true false 20 Text 0 0 ,First,#,W:\geodata2\GeophysicalFiles\OK Basement Fault Project\OKBasementFaults.gdb\ARBK_Regional_Faults_Over_2Mile_Final_UTM,SLIPSENSE,-1,-1;QUALITY "QUALITY" true true false 10 Text 0 0 ,First,#,W:\geodata2\GeophysicalFiles\OK Basement Fault Project\OKBasementFaults.gdb\ARBK_Regional_Faults_Over_2Mile_Final_UTM,QUALITY,-1,-1;DATASOURCE "DATASOURCE" true true false 20 Text 0 0 ,First,#,W:\geodata2\GeophysicalFiles\OK Basement Fault Project\OKBasementFaults.gdb\ARBK_Regional_Faults_Over_2Mile_Final_UTM,DATASOURCE,-1,-1;COMPANY "COMPANY" true true false 20 Text 0 0 ,First,#,W:\geodata2\GeophysicalFiles\OK Basement Fault Project\OKBasementFaults.gdb\ARBK_Regional_Faults_Over_2Mile_Final_UTM,COMPANY,-1,-1;SUBMITTOR "SUBMITTOR" true true false 30 Text 0 0 ,First,#,W:\geodata2\GeophysicalFiles\OK Basement Fault Project\OKBasementFaults.gdb\ARBK_Regional_Faults_Over_2Mile_Final_UTM,SUBMITTOR,-1,-1;CHK_Source "CHK_Source" true true false 50 Text 0 0 ,First,#,W:\geodata2\GeophysicalFiles\OK Basement Fault Project\OKBasementFaults.gdb\ARBK_Regional_Faults_Over_2Mile_Final_UTM,CHK_Source,-1,-1;SHAPE_Leng "SHAPE_Leng" false true true 8 Double 0 0 ,First,#,W:\geodata2\GeophysicalFiles\OK Basement Fault Project\OKBasementFaults.gdb\ARBK_Regional_Faults_Over_2Mile_Final_UTM,SHAPE_Length,-1,-1"</Process><Process ToolSource="C:\Program Files (x86)\ArcGIS\Desktop10.0\ArcToolbox\Toolboxes\Data Management Tools.tbx\Merge" Date="20140910" Time="102917">Merge 'W:\geodata2\GeophysicalFiles\OK Basement Fault Project\ARBK_Regional_Faults_Over_2Mile_FINAL_UTM.shp';'W:\geodata2\GeophysicalFiles\OK Basement Fault Project\Hunton_Faults_Over_2Mile_UTM.shp';'W:\geodata2\GeophysicalFiles\OK Basement Fault Project\James_Beavers_Faults_Over_2Mile_Final_UTM.shp';'W:\geodata2\GeophysicalFiles\OK Basement Fault Project\MidCon_Anadarko_Faults_Over_2Mile_UTM.shp';'W:\geodata2\GeophysicalFiles\OK Basement Fault Project\Viola_Faults_Over_2Mile_UTM.shp';'W:\geodata2\GeophysicalFiles\OK Basement Fault Project\Woodford_Faults_Over_2Mile_Final_UTM.shp' "W:\geodata2\GeophysicalFiles\OK Basement Fault Project\All_CHK_Faults_Over_2Mile_Oklahoma_2014.shp" "SLIPSENSE "SLIPSENSE" true true false 20 Text 0 0 ,First,#,W:\geodata2\GeophysicalFiles\OK Basement Fault Project\ARBK_Regional_Faults_Over_2Mile_FINAL_UTM.shp,SLIPSENSE,-1,-1,W:\geodata2\GeophysicalFiles\OK Basement Fault Project\Hunton_Faults_Over_2Mile_UTM.shp,SLIPSENSE,-1,-1,W:\geodata2\GeophysicalFiles\OK Basement Fault Project\James_Beavers_Faults_Over_2Mile_Final_UTM.shp,SLIPSENSE,-1,-1,W:\geodata2\GeophysicalFiles\OK Basement Fault Project\MidCon_Anadarko_Faults_Over_2Mile_UTM.shp,SLIPSENSE,-1,-1,W:\geodata2\GeophysicalFiles\OK Basement Fault Project\Viola_Faults_Over_2Mile_UTM.shp,SLIPSENSE,-1,-1,W:\geodata2\GeophysicalFiles\OK Basement Fault Project\Woodford_Faults_Over_2Mile_Final_UTM.shp,SLIPSENSE,-1,-1;QUALITY "QUALITY" true true false 10 Text 0 0 ,First,#,W:\geodata2\GeophysicalFiles\OK Basement Fault Project\ARBK_Regional_Faults_Over_2Mile_FINAL_UTM.shp,QUALITY,-1,-1,W:\geodata2\GeophysicalFiles\OK Basement Fault Project\Hunton_Faults_Over_2Mile_UTM.shp,QUALITY,-1,-1,W:\geodata2\GeophysicalFiles\OK Basement Fault Project\James_Beavers_Faults_Over_2Mile_Final_UTM.shp,QUALITY,-1,-1,W:\geodata2\GeophysicalFiles\OK Basement Fault Project\MidCon_Anadarko_Faults_Over_2Mile_UTM.shp,QUALITY,-1,-1,W:\geodata2\GeophysicalFiles\OK Basement Fault Project\Viola_Faults_Over_2Mile_UTM.shp,QUALITY,-1,-1,W:\geodata2\GeophysicalFiles\OK Basement Fault Project\Woodford_Faults_Over_2Mile_Final_UTM.shp,QUALITY,-1,-1;DATASOURCE "DATASOURCE" true true false 20 Text 0 0 ,First,#,W:\geodata2\GeophysicalFiles\OK Basement Fault Project\ARBK_Regional_Faults_Over_2Mile_FINAL_UTM.shp,DATASOURCE,-1,-1,W:\geodata2\GeophysicalFiles\OK Basement Fault Project\Hunton_Faults_Over_2Mile_UTM.shp,DATASOURCE,-1,-1,W:\geodata2\GeophysicalFiles\OK Basement Fault Project\James_Beavers_Faults_Over_2Mile_Final_UTM.shp,DATASOURCE,-1,-1,W:\geodata2\GeophysicalFiles\OK Basement Fault Project\MidCon_Anadarko_Faults_Over_2Mile_UTM.shp,DATASOURCE,-1,-1,W:\geodata2\GeophysicalFiles\OK Basement Fault Project\Viola_Faults_Over_2Mile_UTM.shp,DATASOURCE,-1,-1,W:\geodata2\GeophysicalFiles\OK Basement Fault Project\Woodford_Faults_Over_2Mile_Final_UTM.shp,DATASOURCE,-1,-1;COMPANY "COMPANY" true true false 20 Text 0 0 ,First,#,W:\geodata2\GeophysicalFiles\OK Basement Fault Project\ARBK_Regional_Faults_Over_2Mile_FINAL_UTM.shp,COMPANY,-1,-1,W:\geodata2\GeophysicalFiles\OK Basement Fault Project\Hunton_Faults_Over_2Mile_UTM.shp,COMPANY,-1,-1,W:\geodata2\GeophysicalFiles\OK Basement Fault Project\James_Beavers_Faults_Over_2Mile_Final_UTM.shp,COMPANY,-1,-1,W:\geodata2\GeophysicalFiles\OK Basement Fault Project\MidCon_Anadarko_Faults_Over_2Mile_UTM.shp,COMPANY,-1,-1,W:\geodata2\GeophysicalFiles\OK Basement Fault Project\Viola_Faults_Over_2Mile_UTM.shp,COMPANY,-1,-1,W:\geodata2\GeophysicalFiles\OK Basement Fault Project\Woodford_Faults_Over_2Mile_Final_UTM.shp,COMPANY,-1,-1;SUBMITTOR "SUBMITTOR" true true false 30 Text 0 0 ,First,#,W:\geodata2\GeophysicalFiles\OK Basement Fault Project\ARBK_Regional_Faults_Over_2Mile_FINAL_UTM.shp,SUBMITTOR,-1,-1,W:\geodata2\GeophysicalFiles\OK Basement Fault Project\Hunton_Faults_Over_2Mile_UTM.shp,SUBMITTOR,-1,-1,W:\geodata2\GeophysicalFiles\OK Basement Fault Project\James_Beavers_Faults_Over_2Mile_Final_UTM.shp,SUBMITTOR,-1,-1,W:\geodata2\GeophysicalFiles\OK Basement Fault Project\MidCon_Anadarko_Faults_Over_2Mile_UTM.shp,SUBMITTOR,-1,-1,W:\geodata2\GeophysicalFiles\OK Basement Fault Project\Viola_Faults_Over_2Mile_UTM.shp,SUBMITTOR,-1,-1,W:\geodata2\GeophysicalFiles\OK Basement Fault Project\Woodford_Faults_Over_2Mile_Final_UTM.shp,SUBMITTOR,-1,-1;CHK_Source "CHK_Source" true true false 50 Text 0 0 ,First,#,W:\geodata2\GeophysicalFiles\OK Basement Fault Project\ARBK_Regional_Faults_Over_2Mile_FINAL_UTM.shp,CHK_Source,-1,-1,W:\geodata2\GeophysicalFiles\OK Basement Fault Project\Hunton_Faults_Over_2Mile_UTM.shp,CHK_Source,-1,-1,W:\geodata2\GeophysicalFiles\OK Basement Fault Project\James_Beavers_Faults_Over_2Mile_Final_UTM.shp,CHK_Source,-1,-1,W:\geodata2\GeophysicalFiles\OK Basement Fault Project\MidCon_Anadarko_Faults_Over_2Mile_UTM.shp,CHK_Source,-1,-1,W:\geodata2\GeophysicalFiles\OK Basement Fault Project\Viola_Faults_Over_2Mile_UTM.shp,CHK_Source,-1,-1,W:\geodata2\GeophysicalFiles\OK Basement Fault Project\Woodford_Faults_Over_2Mile_Final_UTM.shp,CHK_Source,-1,-1;SHAPE_Leng "SHAPE_Leng" true true false 19 Double 0 0 ,First,#,W:\geodata2\GeophysicalFiles\OK Basement Fault Project\ARBK_Regional_Faults_Over_2Mile_FINAL_UTM.shp,SHAPE_Leng,-1,-1,W:\geodata2\GeophysicalFiles\OK Basement Fault Project\Hunton_Faults_Over_2Mile_UTM.shp,SHAPE_Leng,-1,-1,W:\geodata2\GeophysicalFiles\OK Basement Fault Project\James_Beavers_Faults_Over_2Mile_Final_UTM.shp,SHAPE_Leng,-1,-1,W:\geodata2\GeophysicalFiles\OK Basement Fault Project\MidCon_Anadarko_Faults_Over_2Mile_UTM.shp,SHAPE_Leng,-1,-1,W:\geodata2\GeophysicalFiles\OK Basement Fault Project\Viola_Faults_Over_2Mile_UTM.shp,SHAPE_Leng,-1,-1,W:\geodata2\GeophysicalFiles\OK Basement Fault Project\Woodford_Faults_Over_2Mile_Final_UTM.shp,SHAPE_Leng,-1,-1"</Process><Process ToolSource="C:\Program Files (x86)\ArcGIS\Desktop10.0\ArcToolbox\Toolboxes\Data Management Tools.tbx\CalculateField" Date="20140910" Time="152737">CalculateField All_CHK_Faults_Over_2Miles_Oklahoma_2014 FORMATION "Woodford" VB #</Process><Process ToolSource="C:\Program Files (x86)\ArcGIS\Desktop10.0\ArcToolbox\Toolboxes\Data Management Tools.tbx\CalculateField" Date="20140910" Time="152859">CalculateField All_CHK_Faults_Over_2Miles_Oklahoma_2014 FORMATION "Viola" VB #</Process><Process ToolSource="C:\Program Files (x86)\ArcGIS\Desktop10.0\ArcToolbox\Toolboxes\Data Management Tools.tbx\CalculateField" Date="20140910" Time="152926">CalculateField All_CHK_Faults_Over_2Miles_Oklahoma_2014 FORMATION "Arbuckle" VB #</Process><Process ToolSource="C:\Program Files (x86)\ArcGIS\Desktop10.0\ArcToolbox\Toolboxes\Data Management Tools.tbx\CalculateField" Date="20140910" Time="153023">CalculateField All_CHK_Faults_Over_2Miles_Oklahoma_2014 FORMATION "Woodford" VB #</Process><Process ToolSource="C:\Program Files (x86)\ArcGIS\Desktop10.0\ArcToolbox\Toolboxes\Data Management Tools.tbx\CalculateField" Date="20140910" Time="153124">CalculateField All_CHK_Faults_Over_2Miles_Oklahoma_2014 FORMATION "Anadarko" VB #</Process><Process ToolSource="C:\Program Files (x86)\ArcGIS\Desktop10.0\ArcToolbox\Toolboxes\Data Management Tools.tbx\CalculateField" Date="20140910" Time="153244">CalculateField All_CHK_Faults_Over_2Miles_Oklahoma_2014 FORMATION "Viola" VB #</Process><Process ToolSource="C:\Program Files (x86)\ArcGIS\Desktop10.0\ArcToolbox\Toolboxes\Data Management Tools.tbx\CalculateField" Date="20140910" Time="153326">CalculateField All_CHK_Faults_Over_2Miles_Oklahoma_2014 FORMATION "Unknown" VB #</Process><Process ToolSource="C:\Program Files (x86)\ArcGIS\Desktop10.0\ArcToolbox\Toolboxes\Data Management Tools.tbx\CalculateField" Date="20140910" Time="153602">CalculateField All_CHK_Faults_Over_2Miles_Oklahoma_2014 FORMATION "Hunton" VB #</Process></lineage><itemProps><itemLocation><linkage Sync="TRUE">file://\\COE-SEC-P125-AN\C$\CARTOGRAPHY\Projects\Fault_Database\Industry\Industry_Combined_Attributes1.shp</linkage><protocol Sync="TRUE">Local Area Network</protocol></itemLocation><itemName Sync="TRUE">Industry_Combined_Attributes1</itemName><imsContentType Sync="TRUE">002</imsContentType><itemSize Sync="TRUE">0.000</itemSize><nativeExtBox><westBL Sync="TRUE">143539.727478</westBL><eastBL Sync="TRUE">917981.100281</eastBL><southBL Sync="TRUE">3727973.109566</southBL><northBL Sync="TRUE">4104781.054504</northBL><exTypeCode Sync="TRUE">1</exTypeCode></nativeExtBox></itemProps><coordRef><type Sync="TRUE">Projected</type><geogcsn Sync="TRUE">GCS_North_American_1927</geogcsn><csUnits Sync="TRUE">Linear Unit: Meter (1.000000)</csUnits><projcsn Sync="TRUE">NAD_1927_UTM_Zone_14N</projcsn><peXml Sync="TRUE">&lt;ProjectedCoordinateSystem xsi:type='typens:ProjectedCoordinateSystem' xmlns:xsi='http://www.w3.org/2001/XMLSchema-instance' xmlns:xs='http://www.w3.org/2001/XMLSchema' xmlns:typens='http://www.esri.com/schemas/ArcGIS/10.1'&gt;&lt;WKT&gt;PROJCS[&amp;quot;NAD_1927_UTM_Zone_14N&amp;quot;,GEOGCS[&amp;quot;GCS_North_American_1927&amp;quot;,DATUM[&amp;quot;D_North_American_1927&amp;quot;,SPHEROID[&amp;quot;Clarke_1866&amp;quot;,6378206.4,294.9786982]],PRIMEM[&amp;quot;Greenwich&amp;quot;,0.0],UNIT[&amp;quot;Degree&amp;quot;,0.0174532925199433]],PROJECTION[&amp;quot;Transverse_Mercator&amp;quot;],PARAMETER[&amp;quot;False_Easting&amp;quot;,500000.0],PARAMETER[&amp;quot;False_Northing&amp;quot;,0.0],PARAMETER[&amp;quot;Central_Meridian&amp;quot;,-99.0],PARAMETER[&amp;quot;Scale_Factor&amp;quot;,0.9996],PARAMETER[&amp;quot;Latitude_Of_Origin&amp;quot;,0.0],UNIT[&amp;quot;Meter&amp;quot;,1.0],AUTHORITY[&amp;quot;EPSG&amp;quot;,26714]]&lt;/WKT&gt;&lt;XOrigin&gt;-5121000&lt;/XOrigin&gt;&lt;YOrigin&gt;-9998000&lt;/YOrigin&gt;&lt;XYScale&gt;450450052.74759901&lt;/XYScale&gt;&lt;ZOrigin&gt;-100000&lt;/ZOrigin&gt;&lt;ZScale&gt;10000&lt;/ZScale&gt;&lt;MOrigin&gt;-100000&lt;/MOrigin&gt;&lt;MScale&gt;10000&lt;/MScale&gt;&lt;XYTolerance&gt;0.001&lt;/XYTolerance&gt;&lt;ZTolerance&gt;0.001&lt;/ZTolerance&gt;&lt;MTolerance&gt;0.001&lt;/MTolerance&gt;&lt;HighPrecision&gt;true&lt;/HighPrecision&gt;&lt;WKID&gt;26714&lt;/WKID&gt;&lt;LatestWKID&gt;26714&lt;/LatestWKID&gt;&lt;/ProjectedCoordinateSystem&gt;</peXml></coordRef></DataProperties><SyncDate>20160308</SyncDate><SyncTime>10585600</SyncTime><ModDate>20160308</ModDate><ModTime>10585600</ModTime></Esri><dataIdInfo><envirDesc Sync="TRUE">Microsoft Windows 7 Version 6.1 (Build 7601) Service Pack 1; Esri ArcGIS 10.2.2.3552</envirDesc><dataLang><languageCode value="eng" Sync="TRUE"></languageCode><countryCode value="USA" Sync="TRUE"></countryCode></dataLang><idCitation><resTitle Sync="TRUE">Industry_Combined_Attributes1</resTitle><presForm><PresFormCd value="005" Sync="TRUE"></PresFormCd></presForm></idCitation><spatRpType><SpatRepTypCd value="001" Sync="TRUE"></SpatRepTypCd></spatRpType><dataExt><geoEle><GeoBndBox esriExtentType="search"><exTypeCode Sync="TRUE">1</exTypeCode><westBL Sync="TRUE">-103.006477</westBL><eastBL Sync="TRUE">-94.304011</eastBL><northBL Sync="TRUE">37.091154</northBL><southBL Sync="TRUE">33.611319</southBL></GeoBndBox></geoEle></dataExt></dataIdInfo><mdLang><languageCode value="eng" Sync="TRUE"></languageCode><countryCode value="USA" Sync="TRUE"></countryCode></mdLang><distInfo><distFormat><formatName Sync="TRUE">Shapefile</formatName></distFormat><distTranOps><transSize Sync="TRUE">0.000</transSize></distTranOps></distInfo><mdHrLv><ScopeCd value="005" Sync="TRUE"></ScopeCd></mdHrLv><mdHrLvName Sync="TRUE">dataset</mdHrLvName><refSysInfo><RefSystem><refSysID><identCode code="26714" Sync="TRUE" value="26714"></identCode><idCodeSpace Sync="TRUE">EPSG</idCodeSpace><idVersion Sync="TRUE">8.2.6</idVersion></refSysID></RefSystem></refSysInfo><spatRepInfo><VectSpatRep><geometObjs Name="Industry_Combined_Attributes1"><geoObjTyp><GeoObjTypCd value="002" Sync="TRUE"></GeoObjTypCd></geoObjTyp><geoObjCnt Sync="TRUE">0</geoObjCnt></geometObjs><topLvl><TopoLevCd value="001" Sync="TRUE"></TopoLevCd></topLvl></VectSpatRep></spatRepInfo><spdoinfo><ptvctinf><esriterm Name="Industry_Combined_Attributes1"><efeatyp Sync="TRUE">Simple</efeatyp><efeageom code="3" Sync="TRUE"></efeageom><esritopo Sync="TRUE">FALSE</esritopo><efeacnt Sync="TRUE">0</efeacnt><spindex Sync="TRUE">FALSE</spindex><linrefer Sync="TRUE">TRUE</linrefer></esriterm></ptvctinf></spdoinfo><eainfo><detailed Name="Industry_Combined_Attributes1"><enttyp><enttypl Sync="TRUE">Industry_Combined_Attributes1</enttypl><enttypt Sync="TRUE">Feature Class</enttypt><enttypc Sync="TRUE">0</enttypc></enttyp><attr><attrlabl Sync="TRUE">FID</attrlabl><attalias Sync="TRUE">FID</attalias><attrtype Sync="TRUE">OID</attrtype><attwidth Sync="TRUE">4</attwidth><atprecis Sync="TRUE">0</atprecis><attscale Sync="TRUE">0</attscale><attrdef Sync="TRUE">Internal feature number.</attrdef><attrdefs Sync="TRUE">ESRI</attrdefs><attrdomv><udom Sync="TRUE">Sequential unique whole numbers that are automatically generated.</udom></attrdomv></attr><attr><attrlabl Sync="TRUE">Shape</attrlabl><attalias Sync="TRUE">Shape</attalias><attrtype Sync="TRUE">Geometry</attrtype><attwidth Sync="TRUE">0</attwidth><atprecis Sync="TRUE">0</atprecis><attscale Sync="TRUE">0</attscale><attrdef Sync="TRUE">Feature geometry.</attrdef><attrdefs Sync="TRUE">ESRI</attrdefs><attrdomv><udom Sync="TRUE">Coordinates defining the features.</udom></attrdomv></attr><attr><attrlabl Sync="TRUE">SLIPSENSE</attrlabl><attalias Sync="TRUE">SLIPSENSE</attalias><attrtype Sync="TRUE">String</attrtype><attwidth Sync="TRUE">20</attwidth><atprecis Sync="TRUE">0</atprecis><attscale Sync="TRUE">0</attscale></attr><attr><attrlabl Sync="TRUE">QUALITY</attrlabl><attalias Sync="TRUE">QUALITY</attalias><attrtype Sync="TRUE">String</attrtype><attwidth Sync="TRUE">10</attwidth><atprecis Sync="TRUE">0</atprecis><attscale Sync="TRUE">0</attscale></attr><attr><attrlabl Sync="TRUE">DATASOURCE</attrlabl><attalias Sync="TRUE">DATASOURCE</attalias><attrtype Sync="TRUE">String</attrtype><attwidth Sync="TRUE">20</attwidth><atprecis Sync="TRUE">0</atprecis><attscale Sync="TRUE">0</attscale></attr><attr><attrlabl Sync="TRUE">COMPANY</attrlabl><attalias Sync="TRUE">COMPANY</attalias><attrtype Sync="TRUE">String</attrtype><attwidth Sync="TRUE">20</attwidth><atprecis Sync="TRUE">0</atprecis><attscale Sync="TRUE">0</attscale></attr><attr><attrlabl Sync="TRUE">SUBMITTOR</attrlabl><attalias Sync="TRUE">SUBMITTOR</attalias><attrtype Sync="TRUE">String</attrtype><attwidth Sync="TRUE">30</attwidth><atprecis Sync="TRUE">0</atprecis><attscale Sync="TRUE">0</attscale></attr><attr><attrlabl Sync="TRUE">CHK_Source</attrlabl><attalias Sync="TRUE">CHK_Source</attalias><attrtype Sync="TRUE">String</attrtype><attwidth Sync="TRUE">50</attwidth><atprecis Sync="TRUE">0</atprecis><attscale Sync="TRUE">0</attscale></attr><attr><attrlabl Sync="TRUE">SHAPE_Leng</attrlabl><attalias Sync="TRUE">SHAPE_Leng</attalias><attrtype Sync="TRUE">Double</attrtype><attwidth Sync="TRUE">19</attwidth><atprecis Sync="TRUE">0</atprecis><attscale Sync="TRUE">0</attscale></attr><attr><attrlabl Sync="TRUE">FORMATION</attrlabl><attalias Sync="TRUE">FORMATION</attalias><attrtype Sync="TRUE">String</attrtype><attwidth Sync="TRUE">20</attwidth><atprecis Sync="TRUE">0</atprecis><attscale Sync="TRUE">0</attscale></attr><attr><attrlabl Sync="TRUE">NAME</attrlabl><attalias Sync="TRUE">NAME</attalias><attrtype Sync="TRUE">String</attrtype><attwidth Sync="TRUE">20</attwidth><atprecis Sync="TRUE">0</atprecis><attscale Sync="TRUE">0</attscale></attr><attr><attrlabl Sync="TRUE">Top_Fm</attrlabl><attalias Sync="TRUE">Top_Fm</attalias><attrtype Sync="TRUE">String</attrtype><attwidth Sync="TRUE">50</attwidth><atprecis Sync="TRUE">0</atprecis><attscale Sync="TRUE">0</attscale></attr><attr><attrlabl Sync="TRUE">Bot_Fm</attrlabl><attalias Sync="TRUE">Bot_Fm</attalias><attrtype Sync="TRUE">String</attrtype><attwidth Sync="TRUE">50</attwidth><atprecis Sync="TRUE">0</atprecis><attscale Sync="TRUE">0</attscale></attr><attr><attrlabl Sync="TRUE">Dip_Dir</attrlabl><attalias Sync="TRUE">Dip_Dir</attalias><attrtype Sync="TRUE">String</attrtype><attwidth Sync="TRUE">50</attwidth><atprecis Sync="TRUE">0</atprecis><attscale Sync="TRUE">0</attscale></attr><attr><attrlabl Sync="TRUE">Slip_Sense</attrlabl><attalias Sync="TRUE">Slip_Sense</attalias><attrtype Sync="TRUE">String</attrtype><attwidth Sync="TRUE">50</attwidth><atprecis Sync="TRUE">0</atprecis><attscale Sync="TRUE">0</attscale></attr><attr><attrlabl Sync="TRUE">Sub_Surf</attrlabl><attalias Sync="TRUE">Sub_Surf</attalias><attrtype Sync="TRUE">String</attrtype><attwidth Sync="TRUE">50</attwidth><atprecis Sync="TRUE">0</atprecis><attscale Sync="TRUE">0</attscale></attr><attr><attrlabl Sync="TRUE">Source</attrlabl><attalias Sync="TRUE">Source</attalias><attrtype Sync="TRUE">String</attrtype><attwidth Sync="TRUE">50</attwidth><atprecis Sync="TRUE">0</atprecis><attscale Sync="TRUE">0</attscale></attr><attr><attrlabl Sync="TRUE">Map_Scale</attrlabl><attalias Sync="TRUE">Map_Scale</attalias><attrtype Sync="TRUE">SmallInteger</attrtype><attwidth Sync="TRUE">4</attwidth><atprecis Sync="TRUE">4</atprecis><attscale Sync="TRUE">0</attscale></attr><attr><attrlabl Sync="TRUE">OBJECTID</attrlabl><attalias Sync="TRUE">OBJECTID</attalias><attrtype Sync="TRUE">Integer</attrtype><attwidth Sync="TRUE">9</attwidth><atprecis Sync="TRUE">9</atprecis><attscale Sync="TRUE">0</attscale></attr><attr><attrlabl Sync="TRUE">TOPFORMATI</attrlabl><attalias Sync="TRUE">TOPFORMATI</attalias><attrtype Sync="TRUE">String</attrtype><attwidth Sync="TRUE">50</attwidth><atprecis Sync="TRUE">0</atprecis><attscale Sync="TRUE">0</attscale></attr><attr><attrlabl Sync="TRUE">Id</attrlabl><attalias Sync="TRUE">Id</attalias><attrtype Sync="TRUE">Integer</attrtype><attwidth Sync="TRUE">6</attwidth><atprecis Sync="TRUE">6</atprecis><attscale Sync="TRUE">0</attscale></attr></detailed></eainfo><mdDateSt Sync="TRUE">20160308</mdDateSt><mdChar><CharSetCd value="004" Sync="TRUE"></CharSetCd></mdChar></metadata>
