<?xml version="1.0" encoding="UTF-8"?>
<metadata xml:lang="en"><Esri><CreaDate>20160527</CreaDate><CreaTime>15024600</CreaTime><ArcGISFormat>1.0</ArcGISFormat><SyncOnce>TRUE</SyncOnce><DataProperties><itemProps><itemLocation><linkage Sync="TRUE">file://\\COE-SEC-P125-AN\C$\CARTOGRAPHY\Projects\Publications\OF2-2016\Comprehensive_Shape</linkage><protocol Sync="TRUE">Local Area Network</protocol></itemLocation></itemProps><copyHistory><copy source="C:\CARTOGRAPHY\Projects\Publications\OF1-2016\Comprehensive_Shape" dest="\\COE-SEC-P125-AN\C$\CARTOGRAPHY\Projects\Publications\OF2-2016\Comprehensive_Shape" date="20160523" time="14234600"></copy></copyHistory></DataProperties></Esri></metadata>
