<?xml version="1.0" encoding="UTF-8"?>
<metadata xml:lang="en"><Esri><CreaDate>20160526</CreaDate><CreaTime>15262300</CreaTime><ArcGISFormat>1.0</ArcGISFormat><SyncOnce>TRUE</SyncOnce><DataProperties><itemProps><itemLocation><linkage Sync="TRUE">file://\\COE-SEC-P125-AN\C$\CARTOGRAPHY\Projects\Publications\OF2-2016\Interpretive_Shape</linkage><protocol Sync="TRUE">Local Area Network</protocol></itemLocation></itemProps><copyHistory><copy source="C:\CARTOGRAPHY\Projects\Fault_Database\Steve Marsh Fault Map\Interpretation_Shape_File\Interpretive_Shape" dest="\\COE-SEC-P125-AN\C$\CARTOGRAPHY\Projects\Publications\OF2-2016\Interpretive_Shape" date="20160524" time="09155000"></copy></copyHistory></DataProperties></Esri></metadata>
